"";"Estacion";"Camera";"Species";"DateTimeOriginal";"Date";"Time";"delta.time.secs";"delta.time.mins";"delta.time.hours";"delta.time.days";"Directory";"FileName";"metadata_Especie";"HierarchicalSubject";"Estacion2"
"1";"Henry";"Camara1";"Dudosa";2017-05-17 04:20:39;2017-05-17;"04:20:39";0;0;0;0;"C:/Users/el usuario/Desktop/jmb/Julana/Tertulia camptrapR/continuacion/mod_meta_rename/Henry";"Henry__Camara1__2017-05-17__04-20-39(1).JPG";"Dudosa_&_Mano Pelada";"Especie|Dudosa, Especie|Mano Pelada, Especie";"Henry__Camara1"
"2";"Henry";"Camara2";"Dudosa";2016-12-21 06:57:30;2016-12-21;"06:57:30";0;0;0;0;"C:/Users/el usuario/Desktop/jmb/Julana/Tertulia camptrapR/continuacion/mod_meta_rename/Henry";"Henry__Camara2__2016-12-21__06-57-30(1).JPG";"Dudosa_&_Zorro Gris";"Especie|Dudosa, Especie|Zorro Gris, Especie";"Henry__Camara2"
"3";"Henry";"Camara2";"Dudosa";2016-12-21 07:22:10;2016-12-21;"07:22:10";1478;25;0,4;0;"C:/Users/el usuario/Desktop/jmb/Julana/Tertulia camptrapR/continuacion/mod_meta_rename/Henry";"Henry__Camara2__2016-12-21__07-22-10(1).JPG";"Dudosa_&_Zorro Gris";"Especie|Dudosa, Especie|Zorro Gris, Especie";"Henry__Camara2"
"4";"Henry";"Camara2";"Dudosa";2016-12-26 08:10:18;2016-12-26;"08:10:18";434886;7248;120,8;5;"C:/Users/el usuario/Desktop/jmb/Julana/Tertulia camptrapR/continuacion/mod_meta_rename/Henry";"Henry__Camara2__2016-12-26__08-10-18(1).JPG";"Dudosa_&_Zorro Gris";"Especie|Dudosa, Especie|Zorro Gris, Especie";"Henry__Camara2"
"5";"Henry";"Camara2";"Dudosa";2016-12-27 05:43:48;2016-12-27;"05:43:48";77610;1294;21,6;0,9;"C:/Users/el usuario/Desktop/jmb/Julana/Tertulia camptrapR/continuacion/mod_meta_rename/Henry";"Henry__Camara2__2016-12-27__05-43-48(1).JPG";"Dudosa";"Especie|Dudosa, Especie";"Henry__Camara2"
"6";"Henry";"Camara2";"Dudosa";2016-12-27 09:09:44;2016-12-27;"09:09:44";12355;206;3,4;0,1;"C:/Users/el usuario/Desktop/jmb/Julana/Tertulia camptrapR/continuacion/mod_meta_rename/Henry";"Henry__Camara2__2016-12-27__09-09-44(1).JPG";"Dudosa";"Especie|Dudosa, Especie";"Henry__Camara2"
"7";"Henry";"Camara2";"Dudosa";2016-12-28 00:57:14;2016-12-28;"00:57:14";56849;947;15,8;0,7;"C:/Users/el usuario/Desktop/jmb/Julana/Tertulia camptrapR/continuacion/mod_meta_rename/Henry";"Henry__Camara2__2016-12-28__00-57-14(1).JPG";"Dudosa";"Especie|Dudosa, Especie";"Henry__Camara2"
"8";"Henry";"Camara2";"Dudosa";2016-12-28 03:58:29;2016-12-28;"03:58:29";10872;181;3;0,1;"C:/Users/el usuario/Desktop/jmb/Julana/Tertulia camptrapR/continuacion/mod_meta_rename/Henry";"Henry__Camara2__2016-12-28__03-58-29(1).JPG";"Dudosa_&_Mano Pelada";"Especie|Dudosa, Especie|Mano Pelada, Especie";"Henry__Camara2"
"9";"Henry";"Camara2";"Dudosa";2016-12-30 02:50:06;2016-12-30;"02:50:06";168696;2812;46,9;2;"C:/Users/el usuario/Desktop/jmb/Julana/Tertulia camptrapR/continuacion/mod_meta_rename/Henry";"Henry__Camara2__2016-12-30__02-50-06(1).JPG";"Dudosa_&_Zorro Perro";"Especie|Dudosa, Especie|Zorro Perro, Especie";"Henry__Camara2"
"10";"Henry";"Camara2";"Dudosa";2017-01-02 00:33:00;2017-01-02;"00:33:00";250973;4183;69,7;2,9;"C:/Users/el usuario/Desktop/jmb/Julana/Tertulia camptrapR/continuacion/mod_meta_rename/Henry";"Henry__Camara2__2017-01-02__00-33-00(1).JPG";"Dudosa_&_Rabo Molle";"Especie|Dudosa, Especie|Rabo Molle, Especie";"Henry__Camara2"
"11";"Henry";"Camara2";"Dudosa";2017-01-07 21:19:09;2017-01-07;"21:19:09";506768;8446;140,8;5,9;"C:/Users/el usuario/Desktop/jmb/Julana/Tertulia camptrapR/continuacion/mod_meta_rename/Henry";"Henry__Camara2__2017-01-07__21-19-09(1).JPG";"Dudosa_&_Guazubira";"Especie|Dudosa, Especie|Guazubira, Especie";"Henry__Camara2"
"12";"Henry";"Camara2";"Dudosa";2017-01-09 06:15:34;2017-01-09;"06:15:34";118584;1976;32,9;1,4;"C:/Users/el usuario/Desktop/jmb/Julana/Tertulia camptrapR/continuacion/mod_meta_rename/Henry";"Henry__Camara2__2017-01-09__06-15-34(1).JPG";"Dudosa_&_Zorro Gris";"Especie|Dudosa, Especie|Zorro Gris, Especie";"Henry__Camara2"
"13";"Henry";"Camara2";"Dudosa";2017-01-10 12:29:04;2017-01-10;"12:29:04";108809;1813;30,2;1,3;"C:/Users/el usuario/Desktop/jmb/Julana/Tertulia camptrapR/continuacion/mod_meta_rename/Henry";"Henry__Camara2__2017-01-10__12-29-04(1).JPG";"Dudosa_&_Zorro Gris";"Especie|Dudosa, Especie|Zorro Gris, Especie";"Henry__Camara2"
"14";"Henry";"Camara2";"Dudosa";2017-01-15 00:28:39;2017-01-15;"00:28:39";388775;6480;108;4,5;"C:/Users/el usuario/Desktop/jmb/Julana/Tertulia camptrapR/continuacion/mod_meta_rename/Henry";"Henry__Camara2__2017-01-15__00-28-39(1).JPG";"Dudosa_&_Rabo Molle";"Especie|Dudosa, Especie|Rabo Molle, Especie";"Henry__Camara2"
"15";"Henry";"Camara1";"Guazubira";2017-04-12 11:45:52;2017-04-12;"11:45:52";0;0;0;0;"C:/Users/el usuario/Desktop/jmb/Julana/Tertulia camptrapR/continuacion/mod_meta_rename/Henry";"Henry__Camara1__2017-04-12__11-45-52(1).JPG";"Guazubira";"Especie|Guazubira, Especie";"Henry__Camara1"
"16";"Henry";"Camara2";"Guazubira";2016-12-29 08:58:56;2016-12-29;"08:58:56";0;0;0;0;"C:/Users/el usuario/Desktop/jmb/Julana/Tertulia camptrapR/continuacion/mod_meta_rename/Henry";"Henry__Camara2__2016-12-29__08-58-56(1).JPG";"Guazubira";"Especie|Guazubira, Especie";"Henry__Camara2"
"17";"Henry";"Camara2";"Guazubira";2016-12-31 19:59:32;2016-12-31;"19:59:32";212435;3541;59;2,5;"C:/Users/el usuario/Desktop/jmb/Julana/Tertulia camptrapR/continuacion/mod_meta_rename/Henry";"Henry__Camara2__2016-12-31__19-59-32(1).JPG";"Guazubira";"Especie|Guazubira, Especie";"Henry__Camara2"
"18";"Henry";"Camara2";"Guazubira";2017-01-07 21:19:09;2017-01-07;"21:19:09";609295;10155;169,2;7;"C:/Users/el usuario/Desktop/jmb/Julana/Tertulia camptrapR/continuacion/mod_meta_rename/Henry";"Henry__Camara2__2017-01-07__21-19-09(1).JPG";"Dudosa_&_Guazubira";"Especie|Dudosa, Especie|Guazubira, Especie";"Henry__Camara2"
"19";"Henry";"Camara2";"Jabali";2016-12-27 05:30:04;2016-12-27;"05:30:04";0;0;0;0;"C:/Users/el usuario/Desktop/jmb/Julana/Tertulia camptrapR/continuacion/mod_meta_rename/Henry";"Henry__Camara2__2016-12-27__05-30-04(1).JPG";"Jabali";"Especie|Jabali, Especie";"Henry__Camara2"
"20";"Henry";"Camara2";"Jabali";2016-12-28 05:46:21;2016-12-28;"05:46:21";87376;1456;24,3;1;"C:/Users/el usuario/Desktop/jmb/Julana/Tertulia camptrapR/continuacion/mod_meta_rename/Henry";"Henry__Camara2__2016-12-28__05-46-21(1).JPG";"Jabali";"Especie|Jabali, Especie";"Henry__Camara2"
"21";"Henry";"Camara2";"Jabali";2016-12-30 06:00:01;2016-12-30;"06:00:01";173619;2894;48,2;2;"C:/Users/el usuario/Desktop/jmb/Julana/Tertulia camptrapR/continuacion/mod_meta_rename/Henry";"Henry__Camara2__2016-12-30__06-00-01(1).JPG";"Jabali";"Especie|Jabali, Especie";"Henry__Camara2"
"22";"Henry";"Camara2";"Jabali";2017-01-02 06:40:07;2017-01-02;"06:40:07";261605;4360;72,7;3;"C:/Users/el usuario/Desktop/jmb/Julana/Tertulia camptrapR/continuacion/mod_meta_rename/Henry";"Henry__Camara2__2017-01-02__06-40-07(1).JPG";"Jabali";"Especie|Jabali, Especie";"Henry__Camara2"
"23";"Henry";"Camara2";"Jabali";2017-01-02 19:10:09;2017-01-02;"19:10:09";44965;749;12,5;0,5;"C:/Users/el usuario/Desktop/jmb/Julana/Tertulia camptrapR/continuacion/mod_meta_rename/Henry";"Henry__Camara2__2017-01-02__19-10-09(1).JPG";"Jabali";"Especie|Jabali, Especie";"Henry__Camara2"
"24";"Henry";"Camara2";"Jabali";2017-01-05 19:41:23;2017-01-05;"19:41:23";261073;4351;72,5;3;"C:/Users/el usuario/Desktop/jmb/Julana/Tertulia camptrapR/continuacion/mod_meta_rename/Henry";"Henry__Camara2__2017-01-05__19-41-23(1).JPG";"Jabali";"Especie|Jabali, Especie";"Henry__Camara2"
"25";"Henry";"Camara2";"Jabali";2017-01-06 04:14:43;2017-01-06;"04:14:43";30800;513;8,6;0,4;"C:/Users/el usuario/Desktop/jmb/Julana/Tertulia camptrapR/continuacion/mod_meta_rename/Henry";"Henry__Camara2__2017-01-06__04-14-43(1).JPG";"Jabali";"Especie|Jabali, Especie";"Henry__Camara2"
"26";"Henry";"Camara1";"Lagarto Overo";2017-03-08 11:37:06;2017-03-08;"11:37:06";0;0;0;0;"C:/Users/el usuario/Desktop/jmb/Julana/Tertulia camptrapR/continuacion/mod_meta_rename/Henry";"Henry__Camara1__2017-03-08__11-37-06(1).JPG";"Lagarto Overo";"Especie|Lagarto Overo, Especie";"Henry__Camara1"
"27";"Henry";"Camara2";"Lagarto Overo";2016-12-20 11:06:52;2016-12-20;"11:06:52";0;0;0;0;"C:/Users/el usuario/Desktop/jmb/Julana/Tertulia camptrapR/continuacion/mod_meta_rename/Henry";"Henry__Camara2__2016-12-20__11-06-52(1).JPG";"Lagarto Overo";"Especie|Lagarto Overo, Especie";"Henry__Camara2"
"28";"Henry";"Camara2";"Lagarto Overo";2016-12-22 10:53:20;2016-12-22;"10:53:20";171987;2866;47,8;2;"C:/Users/el usuario/Desktop/jmb/Julana/Tertulia camptrapR/continuacion/mod_meta_rename/Henry";"Henry__Camara2__2016-12-22__10-53-20(1).JPG";"Lagarto Overo";"Especie|Lagarto Overo, Especie";"Henry__Camara2"
"29";"Henry";"Camara2";"Lagarto Overo";2016-12-24 12:14:50;2016-12-24;"12:14:50";177689;2961;49,4;2,1;"C:/Users/el usuario/Desktop/jmb/Julana/Tertulia camptrapR/continuacion/mod_meta_rename/Henry";"Henry__Camara2__2016-12-24__12-14-50(1).JPG";"Lagarto Overo";"Especie|Lagarto Overo, Especie";"Henry__Camara2"
"30";"Henry";"Camara2";"Lagarto Overo";2016-12-28 13:23:03;2016-12-28;"13:23:03";349692;5828;97,1;4;"C:/Users/el usuario/Desktop/jmb/Julana/Tertulia camptrapR/continuacion/mod_meta_rename/Henry";"Henry__Camara2__2016-12-28__13-23-03(1).JPG";"Lagarto Overo";"Especie|Lagarto Overo, Especie";"Henry__Camara2"
"31";"Henry";"Camara2";"Lagarto Overo";2016-12-28 14:54:17;2016-12-28;"14:54:17";5473;91;1,5;0,1;"C:/Users/el usuario/Desktop/jmb/Julana/Tertulia camptrapR/continuacion/mod_meta_rename/Henry";"Henry__Camara2__2016-12-28__14-54-17(1).JPG";"Lagarto Overo";"Especie|Lagarto Overo, Especie";"Henry__Camara2"
"32";"Henry";"Camara2";"Lagarto Overo";2016-12-30 10:42:13;2016-12-30;"10:42:13";157675;2628;43,8;1,8;"C:/Users/el usuario/Desktop/jmb/Julana/Tertulia camptrapR/continuacion/mod_meta_rename/Henry";"Henry__Camara2__2016-12-30__10-42-13(1).JPG";"Lagarto Overo";"Especie|Lagarto Overo, Especie";"Henry__Camara2"
"33";"Henry";"Camara2";"Lagarto Overo";2016-12-31 11:51:07;2016-12-31;"11:51:07";90532;1509;25,1;1;"C:/Users/el usuario/Desktop/jmb/Julana/Tertulia camptrapR/continuacion/mod_meta_rename/Henry";"Henry__Camara2__2016-12-31__11-51-07(1).JPG";"Lagarto Overo";"Especie|Lagarto Overo, Especie";"Henry__Camara2"
"34";"Henry";"Camara2";"Lagarto Overo";2017-01-03 13:02:41;2017-01-03;"13:02:41";263492;4392;73,2;3,1;"C:/Users/el usuario/Desktop/jmb/Julana/Tertulia camptrapR/continuacion/mod_meta_rename/Henry";"Henry__Camara2__2017-01-03__13-02-41(1).JPG";"Lagarto Overo";"Especie|Lagarto Overo, Especie";"Henry__Camara2"
"35";"Henry";"Camara2";"Lagarto Overo";2017-01-05 14:17:49;2017-01-05;"14:17:49";177306;2955;49,2;2,1;"C:/Users/el usuario/Desktop/jmb/Julana/Tertulia camptrapR/continuacion/mod_meta_rename/Henry";"Henry__Camara2__2017-01-05__14-17-49(1).JPG";"Lagarto Overo";"Especie|Lagarto Overo, Especie";"Henry__Camara2"
"36";"Henry";"Camara2";"Lagarto Overo";2017-01-06 11:52:00;2017-01-06;"11:52:00";77650;1294;21,6;0,9;"C:/Users/el usuario/Desktop/jmb/Julana/Tertulia camptrapR/continuacion/mod_meta_rename/Henry";"Henry__Camara2__2017-01-06__11-52-00(1).JPG";"Lagarto Overo";"Especie|Lagarto Overo, Especie";"Henry__Camara2"
"37";"Henry";"Camara2";"Lagarto Overo";2017-01-06 16:02:41;2017-01-06;"16:02:41";15040;251;4,2;0,2;"C:/Users/el usuario/Desktop/jmb/Julana/Tertulia camptrapR/continuacion/mod_meta_rename/Henry";"Henry__Camara2__2017-01-06__16-02-41(1).JPG";"Lagarto Overo";"Especie|Lagarto Overo, Especie";"Henry__Camara2"
"38";"Henry";"Camara2";"Lagarto Overo";2017-01-09 11:18:38;2017-01-09;"11:18:38";242156;4036;67,3;2,8;"C:/Users/el usuario/Desktop/jmb/Julana/Tertulia camptrapR/continuacion/mod_meta_rename/Henry";"Henry__Camara2__2017-01-09__11-18-38(1).JPG";"Lagarto Overo";"Especie|Lagarto Overo, Especie";"Henry__Camara2"
"39";"Henry";"Camara1";"Mano Pelada";2017-05-17 04:20:39;2017-05-17;"04:20:39";0;0;0;0;"C:/Users/el usuario/Desktop/jmb/Julana/Tertulia camptrapR/continuacion/mod_meta_rename/Henry";"Henry__Camara1__2017-05-17__04-20-39(1).JPG";"Dudosa_&_Mano Pelada";"Especie|Dudosa, Especie|Mano Pelada, Especie";"Henry__Camara1"
"40";"Henry";"Camara2";"Mano Pelada";2016-12-28 03:58:29;2016-12-28;"03:58:29";0;0;0;0;"C:/Users/el usuario/Desktop/jmb/Julana/Tertulia camptrapR/continuacion/mod_meta_rename/Henry";"Henry__Camara2__2016-12-28__03-58-29(1).JPG";"Dudosa_&_Mano Pelada";"Especie|Dudosa, Especie|Mano Pelada, Especie";"Henry__Camara2"
"41";"Henry";"Camara2";"Mano Pelada";2016-12-28 21:46:34;2016-12-28;"21:46:34";64084;1068;17,8;0,7;"C:/Users/el usuario/Desktop/jmb/Julana/Tertulia camptrapR/continuacion/mod_meta_rename/Henry";"Henry__Camara2__2016-12-28__21-46-34(1).JPG";"Mano Pelada";"Especie|Mano Pelada, Especie";"Henry__Camara2"
"42";"Henry";"Camara1";"Margay";2017-05-27 03:37:08;2017-05-27;"03:37:08";0;0;0;0;"C:/Users/el usuario/Desktop/jmb/Julana/Tertulia camptrapR/continuacion/mod_meta_rename/Henry";"Henry__Camara1__2017-05-27__03-37-08(1).JPG";"Margay";"Especie|Margay, Especie";"Henry__Camara1"
"43";"Henry";"Camara1";"Margay";2017-05-30 02:36:34;2017-05-30;"02:36:34";255565;4259;71;3;"C:/Users/el usuario/Desktop/jmb/Julana/Tertulia camptrapR/continuacion/mod_meta_rename/Henry";"Henry__Camara1__2017-05-30__02-36-34(1).JPG";"Margay";"Especie|Margay, Especie";"Henry__Camara1"
"44";"Henry";"Camara2";"Pava de Monte";2017-01-01 15:02:18;2017-01-01;"15:02:18";0;0;0;0;"C:/Users/el usuario/Desktop/jmb/Julana/Tertulia camptrapR/continuacion/mod_meta_rename/Henry";"Henry__Camara2__2017-01-01__15-02-18(1).JPG";"Pava de Monte";"Especie|Pava de Monte, Especie";"Henry__Camara2"
"45";"Henry";"Camara2";"Pava de Monte";2017-01-13 14:40:41;2017-01-13;"14:40:41";1035502;17258;287,6;12;"C:/Users/el usuario/Desktop/jmb/Julana/Tertulia camptrapR/continuacion/mod_meta_rename/Henry";"Henry__Camara2__2017-01-13__14-40-41(1).JPG";"Pava de Monte";"Especie|Pava de Monte, Especie";"Henry__Camara2"
"46";"Henry";"Camara2";"Rabo Molle";2016-12-23 23:32:43;2016-12-23;"23:32:43";0;0;0;0;"C:/Users/el usuario/Desktop/jmb/Julana/Tertulia camptrapR/continuacion/mod_meta_rename/Henry";"Henry__Camara2__2016-12-23__23-32-43(1).JPG";"Rabo Molle";"Especie|Rabo Molle, Especie";"Henry__Camara2"
"47";"Henry";"Camara2";"Rabo Molle";2016-12-29 21:47:56;2016-12-29;"21:47:56";512112;8535;142,2;5,9;"C:/Users/el usuario/Desktop/jmb/Julana/Tertulia camptrapR/continuacion/mod_meta_rename/Henry";"Henry__Camara2__2016-12-29__21-47-56(1).JPG";"Rabo Molle";"Especie|Rabo Molle, Especie";"Henry__Camara2"
"48";"Henry";"Camara2";"Rabo Molle";2017-01-01 00:58:31;2017-01-01;"00:58:31";184234;3071;51,2;2,1;"C:/Users/el usuario/Desktop/jmb/Julana/Tertulia camptrapR/continuacion/mod_meta_rename/Henry";"Henry__Camara2__2017-01-01__00-58-31(1).JPG";"Rabo Molle";"Especie|Rabo Molle, Especie";"Henry__Camara2"
"49";"Henry";"Camara2";"Rabo Molle";2017-01-02 00:33:00;2017-01-02;"00:33:00";84868;1414;23,6;1;"C:/Users/el usuario/Desktop/jmb/Julana/Tertulia camptrapR/continuacion/mod_meta_rename/Henry";"Henry__Camara2__2017-01-02__00-33-00(1).JPG";"Dudosa_&_Rabo Molle";"Especie|Dudosa, Especie|Rabo Molle, Especie";"Henry__Camara2"
"50";"Henry";"Camara2";"Rabo Molle";2017-01-03 02:54:23;2017-01-03;"02:54:23";94882;1581;26,4;1,1;"C:/Users/el usuario/Desktop/jmb/Julana/Tertulia camptrapR/continuacion/mod_meta_rename/Henry";"Henry__Camara2__2017-01-03__02-54-23(1).JPG";"Rabo Molle";"Especie|Rabo Molle, Especie";"Henry__Camara2"
"51";"Henry";"Camara2";"Rabo Molle";2017-01-08 04:07:46;2017-01-08;"04:07:46";436402;7273;121,2;5;"C:/Users/el usuario/Desktop/jmb/Julana/Tertulia camptrapR/continuacion/mod_meta_rename/Henry";"Henry__Camara2__2017-01-08__04-07-46(1).JPG";"Rabo Molle";"Especie|Rabo Molle, Especie";"Henry__Camara2"
"52";"Henry";"Camara2";"Rabo Molle";2017-01-13 02:11:42;2017-01-13;"02:11:42";425036;7084;118,1;4,9;"C:/Users/el usuario/Desktop/jmb/Julana/Tertulia camptrapR/continuacion/mod_meta_rename/Henry";"Henry__Camara2__2017-01-13__02-11-42(1).JPG";"Rabo Molle";"Especie|Rabo Molle, Especie";"Henry__Camara2"
"53";"Henry";"Camara2";"Rabo Molle";2017-01-14 03:39:51;2017-01-14;"03:39:51";91688;1528;25,5;1,1;"C:/Users/el usuario/Desktop/jmb/Julana/Tertulia camptrapR/continuacion/mod_meta_rename/Henry";"Henry__Camara2__2017-01-14__03-39-51(1).JPG";"Rabo Molle";"Especie|Rabo Molle, Especie";"Henry__Camara2"
"54";"Henry";"Camara2";"Rabo Molle";2017-01-15 00:28:39;2017-01-15;"00:28:39";74927;1249;20,8;0,9;"C:/Users/el usuario/Desktop/jmb/Julana/Tertulia camptrapR/continuacion/mod_meta_rename/Henry";"Henry__Camara2__2017-01-15__00-28-39(1).JPG";"Dudosa_&_Rabo Molle";"Especie|Dudosa, Especie|Rabo Molle, Especie";"Henry__Camara2"
"55";"Henry";"Camara2";"Tamandua";2016-12-25 05:18:38;2016-12-25;"05:18:38";0;0;0;0;"C:/Users/el usuario/Desktop/jmb/Julana/Tertulia camptrapR/continuacion/mod_meta_rename/Henry";"Henry__Camara2__2016-12-25__05-18-38(1).JPG";"Tamandua";"Especie|Tamandua, Especie";"Henry__Camara2"
"56";"Henry";"Camara2";"Tatu";2016-12-20 01:48:28;2016-12-20;"01:48:28";0;0;0;0;"C:/Users/el usuario/Desktop/jmb/Julana/Tertulia camptrapR/continuacion/mod_meta_rename/Henry";"Henry__Camara2__2016-12-20__01-48-28(1).JPG";"Tatu";"Especie|Tatu, Especie";"Henry__Camara2"
"57";"Henry";"Camara2";"Tatu";2016-12-20 21:05:16;2016-12-20;"21:05:16";69407;1157;19,3;0,8;"C:/Users/el usuario/Desktop/jmb/Julana/Tertulia camptrapR/continuacion/mod_meta_rename/Henry";"Henry__Camara2__2016-12-20__21-05-16(1).JPG";"Tatu";"Especie|Tatu, Especie";"Henry__Camara2"
"58";"Henry";"Camara2";"Tatu";2016-12-22 21:33:58;2016-12-22;"21:33:58";174521;2909;48,5;2;"C:/Users/el usuario/Desktop/jmb/Julana/Tertulia camptrapR/continuacion/mod_meta_rename/Henry";"Henry__Camara2__2016-12-22__21-33-58(1).JPG";"Tatu";"Especie|Tatu, Especie";"Henry__Camara2"
"59";"Henry";"Camara2";"Tatu";2017-01-06 23:00:15;2017-01-06;"23:00:15";1301174;21686;361,4;15,1;"C:/Users/el usuario/Desktop/jmb/Julana/Tertulia camptrapR/continuacion/mod_meta_rename/Henry";"Henry__Camara2__2017-01-06__23-00-15(1).JPG";"Tatu";"Especie|Tatu, Especie";"Henry__Camara2"
"60";"Henry";"Camara2";"Vaca";2016-12-31 14:20:57;2016-12-31;"14:20:57";0;0;0;0;"C:/Users/el usuario/Desktop/jmb/Julana/Tertulia camptrapR/continuacion/mod_meta_rename/Henry";"Henry__Camara2__2016-12-31__14-20-57(1).JPG";"Vaca";"Especie|Vaca, Especie";"Henry__Camara2"
"61";"Henry";"Camara1";"Zorrillo";2017-05-27 23:40:10;2017-05-27;"23:40:10";0;0;0;0;"C:/Users/el usuario/Desktop/jmb/Julana/Tertulia camptrapR/continuacion/mod_meta_rename/Henry";"Henry__Camara1__2017-05-27__23-40-10(1).JPG";"Zorrillo";"Especie|Zorrillo, Especie";"Henry__Camara1"
"62";"Henry";"Camara2";"Zorro Gris";2016-12-20 00:52:39;2016-12-20;"00:52:39";0;0;0;0;"C:/Users/el usuario/Desktop/jmb/Julana/Tertulia camptrapR/continuacion/mod_meta_rename/Henry";"Henry__Camara2__2016-12-20__00-52-39(1).JPG";"Zorro Gris";"Especie|Zorro Gris, Especie";"Henry__Camara2"
"63";"Henry";"Camara2";"Zorro Gris";2016-12-20 18:37:08;2016-12-20;"18:37:08";63866;1064;17,7;0,7;"C:/Users/el usuario/Desktop/jmb/Julana/Tertulia camptrapR/continuacion/mod_meta_rename/Henry";"Henry__Camara2__2016-12-20__18-37-08(1).JPG";"Zorro Gris";"Especie|Zorro Gris, Especie";"Henry__Camara2"
"64";"Henry";"Camara2";"Zorro Gris";2016-12-21 06:57:30;2016-12-21;"06:57:30";44391;740;12,3;0,5;"C:/Users/el usuario/Desktop/jmb/Julana/Tertulia camptrapR/continuacion/mod_meta_rename/Henry";"Henry__Camara2__2016-12-21__06-57-30(1).JPG";"Dudosa_&_Zorro Gris";"Especie|Dudosa, Especie|Zorro Gris, Especie";"Henry__Camara2"
"65";"Henry";"Camara2";"Zorro Gris";2016-12-21 07:22:10;2016-12-21;"07:22:10";1478;25;0,4;0;"C:/Users/el usuario/Desktop/jmb/Julana/Tertulia camptrapR/continuacion/mod_meta_rename/Henry";"Henry__Camara2__2016-12-21__07-22-10(1).JPG";"Dudosa_&_Zorro Gris";"Especie|Dudosa, Especie|Zorro Gris, Especie";"Henry__Camara2"
"66";"Henry";"Camara2";"Zorro Gris";2016-12-21 18:53:10;2016-12-21;"18:53:10";41458;691;11,5;0,5;"C:/Users/el usuario/Desktop/jmb/Julana/Tertulia camptrapR/continuacion/mod_meta_rename/Henry";"Henry__Camara2__2016-12-21__18-53-10(1).JPG";"Zorro Gris";"Especie|Zorro Gris, Especie";"Henry__Camara2"
"67";"Henry";"Camara2";"Zorro Gris";2016-12-22 02:18:59;2016-12-22;"02:18:59";26235;437;7,3;0,3;"C:/Users/el usuario/Desktop/jmb/Julana/Tertulia camptrapR/continuacion/mod_meta_rename/Henry";"Henry__Camara2__2016-12-22__02-18-59(1).JPG";"Zorro Gris";"Especie|Zorro Gris, Especie";"Henry__Camara2"
"68";"Henry";"Camara2";"Zorro Gris";2016-12-22 07:20:13;2016-12-22;"07:20:13";18073;301;5;0,2;"C:/Users/el usuario/Desktop/jmb/Julana/Tertulia camptrapR/continuacion/mod_meta_rename/Henry";"Henry__Camara2__2016-12-22__07-20-13(1).JPG";"Zorro Gris";"Especie|Zorro Gris, Especie";"Henry__Camara2"
"69";"Henry";"Camara2";"Zorro Gris";2016-12-23 17:20:43;2016-12-23;"17:20:43";122429;2040;34;1,4;"C:/Users/el usuario/Desktop/jmb/Julana/Tertulia camptrapR/continuacion/mod_meta_rename/Henry";"Henry__Camara2__2016-12-23__17-20-43(1).JPG";"Zorro Gris";"Especie|Zorro Gris, Especie";"Henry__Camara2"
"70";"Henry";"Camara2";"Zorro Gris";2016-12-23 18:27:37;2016-12-23;"18:27:37";4013;67;1,1;0;"C:/Users/el usuario/Desktop/jmb/Julana/Tertulia camptrapR/continuacion/mod_meta_rename/Henry";"Henry__Camara2__2016-12-23__18-27-37(1).JPG";"Zorro Gris";"Especie|Zorro Gris, Especie";"Henry__Camara2"
"71";"Henry";"Camara2";"Zorro Gris";2016-12-24 06:33:36;2016-12-24;"06:33:36";43558;726;12,1;0,5;"C:/Users/el usuario/Desktop/jmb/Julana/Tertulia camptrapR/continuacion/mod_meta_rename/Henry";"Henry__Camara2__2016-12-24__06-33-36(1).JPG";"Zorro Gris";"Especie|Zorro Gris, Especie";"Henry__Camara2"
"72";"Henry";"Camara2";"Zorro Gris";2016-12-24 07:42:07;2016-12-24;"07:42:07";2049;34;0,6;0;"C:/Users/el usuario/Desktop/jmb/Julana/Tertulia camptrapR/continuacion/mod_meta_rename/Henry";"Henry__Camara2__2016-12-24__07-42-07(1).JPG";"Zorro Gris";"Especie|Zorro Gris, Especie";"Henry__Camara2"
"73";"Henry";"Camara2";"Zorro Gris";2016-12-24 08:59:37;2016-12-24;"08:59:37";3511;59;1;0;"C:/Users/el usuario/Desktop/jmb/Julana/Tertulia camptrapR/continuacion/mod_meta_rename/Henry";"Henry__Camara2__2016-12-24__08-59-37(1).JPG";"Zorro Gris";"Especie|Zorro Gris, Especie";"Henry__Camara2"
"74";"Henry";"Camara2";"Zorro Gris";2016-12-24 18:24:48;2016-12-24;"18:24:48";33910;565;9,4;0,4;"C:/Users/el usuario/Desktop/jmb/Julana/Tertulia camptrapR/continuacion/mod_meta_rename/Henry";"Henry__Camara2__2016-12-24__18-24-48(1).JPG";"Zorro Gris";"Especie|Zorro Gris, Especie";"Henry__Camara2"
"75";"Henry";"Camara2";"Zorro Gris";2016-12-25 05:57:34;2016-12-25;"05:57:34";40837;681;11,3;0,5;"C:/Users/el usuario/Desktop/jmb/Julana/Tertulia camptrapR/continuacion/mod_meta_rename/Henry";"Henry__Camara2__2016-12-25__05-57-34(1).JPG";"Zorro Gris";"Especie|Zorro Gris, Especie";"Henry__Camara2"
"76";"Henry";"Camara2";"Zorro Gris";2016-12-25 07:25:24;2016-12-25;"07:25:24";5269;88;1,5;0,1;"C:/Users/el usuario/Desktop/jmb/Julana/Tertulia camptrapR/continuacion/mod_meta_rename/Henry";"Henry__Camara2__2016-12-25__07-25-24(1).JPG";"Zorro Gris";"Especie|Zorro Gris, Especie";"Henry__Camara2"
"77";"Henry";"Camara2";"Zorro Gris";2016-12-25 08:10:00;2016-12-25;"08:10:00";1755;29;0,5;0;"C:/Users/el usuario/Desktop/jmb/Julana/Tertulia camptrapR/continuacion/mod_meta_rename/Henry";"Henry__Camara2__2016-12-25__08-10-00(1).JPG";"Zorro Gris";"Especie|Zorro Gris, Especie";"Henry__Camara2"
"78";"Henry";"Camara2";"Zorro Gris";2016-12-26 08:10:18;2016-12-26;"08:10:18";86416;1440;24;1;"C:/Users/el usuario/Desktop/jmb/Julana/Tertulia camptrapR/continuacion/mod_meta_rename/Henry";"Henry__Camara2__2016-12-26__08-10-18(1).JPG";"Dudosa_&_Zorro Gris";"Especie|Dudosa, Especie|Zorro Gris, Especie";"Henry__Camara2"
"79";"Henry";"Camara2";"Zorro Gris";2016-12-27 05:21:37;2016-12-27;"05:21:37";76279;1271;21,2;0,9;"C:/Users/el usuario/Desktop/jmb/Julana/Tertulia camptrapR/continuacion/mod_meta_rename/Henry";"Henry__Camara2__2016-12-27__05-21-37(1).JPG";"Zorro Gris";"Especie|Zorro Gris, Especie";"Henry__Camara2"
"80";"Henry";"Camara2";"Zorro Gris";2016-12-28 17:49:29;2016-12-28;"17:49:29";131271;2188;36,5;1,5;"C:/Users/el usuario/Desktop/jmb/Julana/Tertulia camptrapR/continuacion/mod_meta_rename/Henry";"Henry__Camara2__2016-12-28__17-49-29(1).JPG";"Zorro Gris";"Especie|Zorro Gris, Especie";"Henry__Camara2"
"81";"Henry";"Camara2";"Zorro Gris";2016-12-30 04:42:49;2016-12-30;"04:42:49";125316;2089;34,8;1,4;"C:/Users/el usuario/Desktop/jmb/Julana/Tertulia camptrapR/continuacion/mod_meta_rename/Henry";"Henry__Camara2__2016-12-30__04-42-49(1).JPG";"Zorro Gris";"Especie|Zorro Gris, Especie";"Henry__Camara2"
"82";"Henry";"Camara2";"Zorro Gris";2016-12-30 05:36:48;2016-12-30;"05:36:48";3238;54;0,9;0;"C:/Users/el usuario/Desktop/jmb/Julana/Tertulia camptrapR/continuacion/mod_meta_rename/Henry";"Henry__Camara2__2016-12-30__05-36-48(1).JPG";"Zorro Gris";"Especie|Zorro Gris, Especie";"Henry__Camara2"
"83";"Henry";"Camara2";"Zorro Gris";2016-12-30 07:48:48;2016-12-30;"07:48:48";7618;127;2,1;0,1;"C:/Users/el usuario/Desktop/jmb/Julana/Tertulia camptrapR/continuacion/mod_meta_rename/Henry";"Henry__Camara2__2016-12-30__07-48-48(1).JPG";"Zorro Gris";"Especie|Zorro Gris, Especie";"Henry__Camara2"
"84";"Henry";"Camara2";"Zorro Gris";2016-12-30 17:54:39;2016-12-30;"17:54:39";36350;606;10,1;0,4;"C:/Users/el usuario/Desktop/jmb/Julana/Tertulia camptrapR/continuacion/mod_meta_rename/Henry";"Henry__Camara2__2016-12-30__17-54-39(1).JPG";"Zorro Gris";"Especie|Zorro Gris, Especie";"Henry__Camara2"
"85";"Henry";"Camara2";"Zorro Gris";2016-12-30 19:32:57;2016-12-30;"19:32:57";5411;90;1,5;0,1;"C:/Users/el usuario/Desktop/jmb/Julana/Tertulia camptrapR/continuacion/mod_meta_rename/Henry";"Henry__Camara2__2016-12-30__19-32-57(1).JPG";"Zorro Gris";"Especie|Zorro Gris, Especie";"Henry__Camara2"
"86";"Henry";"Camara2";"Zorro Gris";2016-12-31 15:45:59;2016-12-31;"15:45:59";72781;1213;20,2;0,8;"C:/Users/el usuario/Desktop/jmb/Julana/Tertulia camptrapR/continuacion/mod_meta_rename/Henry";"Henry__Camara2__2016-12-31__15-45-59(1).JPG";"Zorro Gris";"Especie|Zorro Gris, Especie";"Henry__Camara2"
"87";"Henry";"Camara2";"Zorro Gris";2017-01-01 06:14:25;2017-01-01;"06:14:25";52104;868;14,5;0,6;"C:/Users/el usuario/Desktop/jmb/Julana/Tertulia camptrapR/continuacion/mod_meta_rename/Henry";"Henry__Camara2__2017-01-01__06-14-25(1).JPG";"Zorro Gris";"Especie|Zorro Gris, Especie";"Henry__Camara2"
"88";"Henry";"Camara2";"Zorro Gris";2017-01-01 16:46:57;2017-01-01;"16:46:57";37951;633;10,6;0,4;"C:/Users/el usuario/Desktop/jmb/Julana/Tertulia camptrapR/continuacion/mod_meta_rename/Henry";"Henry__Camara2__2017-01-01__16-46-57(1).JPG";"Zorro Gris";"Especie|Zorro Gris, Especie";"Henry__Camara2"
"89";"Henry";"Camara2";"Zorro Gris";2017-01-02 03:09:43;2017-01-02;"03:09:43";37365;623;10,4;0,4;"C:/Users/el usuario/Desktop/jmb/Julana/Tertulia camptrapR/continuacion/mod_meta_rename/Henry";"Henry__Camara2__2017-01-02__03-09-43(1).JPG";"Zorro Gris";"Especie|Zorro Gris, Especie";"Henry__Camara2"
"90";"Henry";"Camara2";"Zorro Gris";2017-01-02 08:48:02;2017-01-02;"08:48:02";20162;336;5,6;0,2;"C:/Users/el usuario/Desktop/jmb/Julana/Tertulia camptrapR/continuacion/mod_meta_rename/Henry";"Henry__Camara2__2017-01-02__08-48-02(1).JPG";"Zorro Gris";"Especie|Zorro Gris, Especie";"Henry__Camara2"
"91";"Henry";"Camara2";"Zorro Gris";2017-01-02 09:17:46;2017-01-02;"09:17:46";1783;30;0,5;0;"C:/Users/el usuario/Desktop/jmb/Julana/Tertulia camptrapR/continuacion/mod_meta_rename/Henry";"Henry__Camara2__2017-01-02__09-17-46(1).JPG";"Zorro Gris";"Especie|Zorro Gris, Especie";"Henry__Camara2"
"92";"Henry";"Camara2";"Zorro Gris";2017-01-02 17:18:08;2017-01-02;"17:18:08";28821;480;8;0,3;"C:/Users/el usuario/Desktop/jmb/Julana/Tertulia camptrapR/continuacion/mod_meta_rename/Henry";"Henry__Camara2__2017-01-02__17-18-08(1).JPG";"Zorro Gris";"Especie|Zorro Gris, Especie";"Henry__Camara2"
"93";"Henry";"Camara2";"Zorro Gris";2017-01-03 05:10:19;2017-01-03;"05:10:19";42729;712;11,9;0,5;"C:/Users/el usuario/Desktop/jmb/Julana/Tertulia camptrapR/continuacion/mod_meta_rename/Henry";"Henry__Camara2__2017-01-03__05-10-19(1).JPG";"Zorro Gris";"Especie|Zorro Gris, Especie";"Henry__Camara2"
"94";"Henry";"Camara2";"Zorro Gris";2017-01-03 06:17:24;2017-01-03;"06:17:24";4024;67;1,1;0;"C:/Users/el usuario/Desktop/jmb/Julana/Tertulia camptrapR/continuacion/mod_meta_rename/Henry";"Henry__Camara2__2017-01-03__06-17-24(1).JPG";"Zorro Gris";"Especie|Zorro Gris, Especie";"Henry__Camara2"
"95";"Henry";"Camara2";"Zorro Gris";2017-01-03 08:52:17;2017-01-03;"08:52:17";9291;155;2,6;0,1;"C:/Users/el usuario/Desktop/jmb/Julana/Tertulia camptrapR/continuacion/mod_meta_rename/Henry";"Henry__Camara2__2017-01-03__08-52-17(1).JPG";"Zorro Gris";"Especie|Zorro Gris, Especie";"Henry__Camara2"
"96";"Henry";"Camara2";"Zorro Gris";2017-01-04 04:47:20;2017-01-04;"04:47:20";71702;1195;19,9;0,8;"C:/Users/el usuario/Desktop/jmb/Julana/Tertulia camptrapR/continuacion/mod_meta_rename/Henry";"Henry__Camara2__2017-01-04__04-47-20(1).JPG";"Zorro Gris";"Especie|Zorro Gris, Especie";"Henry__Camara2"
"97";"Henry";"Camara2";"Zorro Gris";2017-01-04 05:30:08;2017-01-04;"05:30:08";2567;43;0,7;0;"C:/Users/el usuario/Desktop/jmb/Julana/Tertulia camptrapR/continuacion/mod_meta_rename/Henry";"Henry__Camara2__2017-01-04__05-30-08(1).JPG";"Zorro Gris";"Especie|Zorro Gris, Especie";"Henry__Camara2"
"98";"Henry";"Camara2";"Zorro Gris";2017-01-04 14:20:33;2017-01-04;"14:20:33";31822;530;8,8;0,4;"C:/Users/el usuario/Desktop/jmb/Julana/Tertulia camptrapR/continuacion/mod_meta_rename/Henry";"Henry__Camara2__2017-01-04__14-20-33(1).JPG";"Zorro Gris";"Especie|Zorro Gris, Especie";"Henry__Camara2"
"99";"Henry";"Camara2";"Zorro Gris";2017-01-04 14:57:31;2017-01-04;"14:57:31";2217;37;0,6;0;"C:/Users/el usuario/Desktop/jmb/Julana/Tertulia camptrapR/continuacion/mod_meta_rename/Henry";"Henry__Camara2__2017-01-04__14-57-31(1).JPG";"Zorro Gris";"Especie|Zorro Gris, Especie";"Henry__Camara2"
"100";"Henry";"Camara2";"Zorro Gris";2017-01-04 16:12:51;2017-01-04;"16:12:51";4519;75;1,2;0;"C:/Users/el usuario/Desktop/jmb/Julana/Tertulia camptrapR/continuacion/mod_meta_rename/Henry";"Henry__Camara2__2017-01-04__16-12-51(1).JPG";"Zorro Gris";"Especie|Zorro Gris, Especie";"Henry__Camara2"
"101";"Henry";"Camara2";"Zorro Gris";2017-01-04 16:36:01;2017-01-04;"16:36:01";1163;19;0,3;0;"C:/Users/el usuario/Desktop/jmb/Julana/Tertulia camptrapR/continuacion/mod_meta_rename/Henry";"Henry__Camara2__2017-01-04__16-36-01(1).JPG";"Zorro Gris";"Especie|Zorro Gris, Especie";"Henry__Camara2"
"102";"Henry";"Camara2";"Zorro Gris";2017-01-05 08:17:31;2017-01-05;"08:17:31";56184;936;15,6;0,6;"C:/Users/el usuario/Desktop/jmb/Julana/Tertulia camptrapR/continuacion/mod_meta_rename/Henry";"Henry__Camara2__2017-01-05__08-17-31(1).JPG";"Zorro Gris";"Especie|Zorro Gris, Especie";"Henry__Camara2"
"103";"Henry";"Camara2";"Zorro Gris";2017-01-05 12:47:45;2017-01-05;"12:47:45";16212;270;4,5;0,2;"C:/Users/el usuario/Desktop/jmb/Julana/Tertulia camptrapR/continuacion/mod_meta_rename/Henry";"Henry__Camara2__2017-01-05__12-47-45(1).JPG";"Zorro Gris";"Especie|Zorro Gris, Especie";"Henry__Camara2"
"104";"Henry";"Camara2";"Zorro Gris";2017-01-05 13:34:04;2017-01-05;"13:34:04";1167;19;0,3;0;"C:/Users/el usuario/Desktop/jmb/Julana/Tertulia camptrapR/continuacion/mod_meta_rename/Henry";"Henry__Camara2__2017-01-05__13-34-04(1).JPG";"Zorro Gris";"Especie|Zorro Gris, Especie";"Henry__Camara2"
"105";"Henry";"Camara2";"Zorro Gris";2017-01-05 14:42:24;2017-01-05;"14:42:24";4100;68;1,1;0;"C:/Users/el usuario/Desktop/jmb/Julana/Tertulia camptrapR/continuacion/mod_meta_rename/Henry";"Henry__Camara2__2017-01-05__14-42-24(1).JPG";"Zorro Gris";"Especie|Zorro Gris, Especie";"Henry__Camara2"
"106";"Henry";"Camara2";"Zorro Gris";2017-01-05 16:57:50;2017-01-05;"16:57:50";8044;134;2,2;0,1;"C:/Users/el usuario/Desktop/jmb/Julana/Tertulia camptrapR/continuacion/mod_meta_rename/Henry";"Henry__Camara2__2017-01-05__16-57-50(1).JPG";"Zorro Gris";"Especie|Zorro Gris, Especie";"Henry__Camara2"
"107";"Henry";"Camara2";"Zorro Gris";2017-01-06 05:23:17;2017-01-06;"05:23:17";44043;734;12,2;0,5;"C:/Users/el usuario/Desktop/jmb/Julana/Tertulia camptrapR/continuacion/mod_meta_rename/Henry";"Henry__Camara2__2017-01-06__05-23-17(1).JPG";"Zorro Gris";"Especie|Zorro Gris, Especie";"Henry__Camara2"
"108";"Henry";"Camara2";"Zorro Gris";2017-01-06 16:35:00;2017-01-06;"16:35:00";39989;666;11,1;0,5;"C:/Users/el usuario/Desktop/jmb/Julana/Tertulia camptrapR/continuacion/mod_meta_rename/Henry";"Henry__Camara2__2017-01-06__16-35-00(1).JPG";"Zorro Gris";"Especie|Zorro Gris, Especie";"Henry__Camara2"
"109";"Henry";"Camara2";"Zorro Gris";2017-01-06 17:42:20;2017-01-06;"17:42:20";4039;67;1,1;0;"C:/Users/el usuario/Desktop/jmb/Julana/Tertulia camptrapR/continuacion/mod_meta_rename/Henry";"Henry__Camara2__2017-01-06__17-42-20(1).JPG";"Zorro Gris";"Especie|Zorro Gris, Especie";"Henry__Camara2"
"110";"Henry";"Camara2";"Zorro Gris";2017-01-06 18:15:09;2017-01-06;"18:15:09";1473;25;0,4;0;"C:/Users/el usuario/Desktop/jmb/Julana/Tertulia camptrapR/continuacion/mod_meta_rename/Henry";"Henry__Camara2__2017-01-06__18-15-09(1).JPG";"Zorro Gris";"Especie|Zorro Gris, Especie";"Henry__Camara2"
"111";"Henry";"Camara2";"Zorro Gris";2017-01-06 18:46:53;2017-01-06;"18:46:53";1903;32;0,5;0;"C:/Users/el usuario/Desktop/jmb/Julana/Tertulia camptrapR/continuacion/mod_meta_rename/Henry";"Henry__Camara2__2017-01-06__18-46-53(1).JPG";"Zorro Gris";"Especie|Zorro Gris, Especie";"Henry__Camara2"
"112";"Henry";"Camara2";"Zorro Gris";2017-01-07 04:29:50;2017-01-07;"04:29:50";34976;583;9,7;0,4;"C:/Users/el usuario/Desktop/jmb/Julana/Tertulia camptrapR/continuacion/mod_meta_rename/Henry";"Henry__Camara2__2017-01-07__04-29-50(1).JPG";"Zorro Gris";"Especie|Zorro Gris, Especie";"Henry__Camara2"
"113";"Henry";"Camara2";"Zorro Gris";2017-01-07 05:23:55;2017-01-07;"05:23:55";3244;54;0,9;0;"C:/Users/el usuario/Desktop/jmb/Julana/Tertulia camptrapR/continuacion/mod_meta_rename/Henry";"Henry__Camara2__2017-01-07__05-23-55(1).JPG";"Zorro Gris";"Especie|Zorro Gris, Especie";"Henry__Camara2"
"114";"Henry";"Camara2";"Zorro Gris";2017-01-07 08:05:23;2017-01-07;"08:05:23";9687;161;2,7;0,1;"C:/Users/el usuario/Desktop/jmb/Julana/Tertulia camptrapR/continuacion/mod_meta_rename/Henry";"Henry__Camara2__2017-01-07__08-05-23(1).JPG";"Zorro Gris";"Especie|Zorro Gris, Especie";"Henry__Camara2"
"115";"Henry";"Camara2";"Zorro Gris";2017-01-07 08:20:52;2017-01-07;"08:20:52";929;15;0,2;0;"C:/Users/el usuario/Desktop/jmb/Julana/Tertulia camptrapR/continuacion/mod_meta_rename/Henry";"Henry__Camara2__2017-01-07__08-20-52(1).JPG";"Zorro Gris";"Especie|Zorro Gris, Especie";"Henry__Camara2"
"116";"Henry";"Camara2";"Zorro Gris";2017-01-07 08:50:09;2017-01-07;"08:50:09";1756;29;0,5;0;"C:/Users/el usuario/Desktop/jmb/Julana/Tertulia camptrapR/continuacion/mod_meta_rename/Henry";"Henry__Camara2__2017-01-07__08-50-09(1).JPG";"Zorro Gris";"Especie|Zorro Gris, Especie";"Henry__Camara2"
"117";"Henry";"Camara2";"Zorro Gris";2017-01-07 15:26:11;2017-01-07;"15:26:11";23762;396;6,6;0,3;"C:/Users/el usuario/Desktop/jmb/Julana/Tertulia camptrapR/continuacion/mod_meta_rename/Henry";"Henry__Camara2__2017-01-07__15-26-11(1).JPG";"Zorro Gris";"Especie|Zorro Gris, Especie";"Henry__Camara2"
"118";"Henry";"Camara2";"Zorro Gris";2017-01-07 16:14:01;2017-01-07;"16:14:01";2553;43;0,7;0;"C:/Users/el usuario/Desktop/jmb/Julana/Tertulia camptrapR/continuacion/mod_meta_rename/Henry";"Henry__Camara2__2017-01-07__16-14-01(1).JPG";"Zorro Gris";"Especie|Zorro Gris, Especie";"Henry__Camara2"
"119";"Henry";"Camara2";"Zorro Gris";2017-01-07 17:48:53;2017-01-07;"17:48:53";5689;95;1,6;0,1;"C:/Users/el usuario/Desktop/jmb/Julana/Tertulia camptrapR/continuacion/mod_meta_rename/Henry";"Henry__Camara2__2017-01-07__17-48-53(1).JPG";"Zorro Gris";"Especie|Zorro Gris, Especie";"Henry__Camara2"
"120";"Henry";"Camara2";"Zorro Gris";2017-01-07 18:21:24;2017-01-07;"18:21:24";1798;30;0,5;0;"C:/Users/el usuario/Desktop/jmb/Julana/Tertulia camptrapR/continuacion/mod_meta_rename/Henry";"Henry__Camara2__2017-01-07__18-21-24(1).JPG";"Zorro Gris";"Especie|Zorro Gris, Especie";"Henry__Camara2"
"121";"Henry";"Camara2";"Zorro Gris";2017-01-08 06:48:32;2017-01-08;"06:48:32";44668;744;12,4;0,5;"C:/Users/el usuario/Desktop/jmb/Julana/Tertulia camptrapR/continuacion/mod_meta_rename/Henry";"Henry__Camara2__2017-01-08__06-48-32(1).JPG";"Zorro Gris";"Especie|Zorro Gris, Especie";"Henry__Camara2"
"122";"Henry";"Camara2";"Zorro Gris";2017-01-08 17:24:29;2017-01-08;"17:24:29";38154;636;10,6;0,4;"C:/Users/el usuario/Desktop/jmb/Julana/Tertulia camptrapR/continuacion/mod_meta_rename/Henry";"Henry__Camara2__2017-01-08__17-24-29(1).JPG";"Zorro Gris";"Especie|Zorro Gris, Especie";"Henry__Camara2"
"123";"Henry";"Camara2";"Zorro Gris";2017-01-09 06:15:34;2017-01-09;"06:15:34";46262;771;12,8;0,5;"C:/Users/el usuario/Desktop/jmb/Julana/Tertulia camptrapR/continuacion/mod_meta_rename/Henry";"Henry__Camara2__2017-01-09__06-15-34(1).JPG";"Dudosa_&_Zorro Gris";"Especie|Dudosa, Especie|Zorro Gris, Especie";"Henry__Camara2"
"124";"Henry";"Camara2";"Zorro Gris";2017-01-09 13:27:11;2017-01-09;"13:27:11";25896;432;7,2;0,3;"C:/Users/el usuario/Desktop/jmb/Julana/Tertulia camptrapR/continuacion/mod_meta_rename/Henry";"Henry__Camara2__2017-01-09__13-27-11(1).JPG";"Zorro Gris";"Especie|Zorro Gris, Especie";"Henry__Camara2"
"125";"Henry";"Camara2";"Zorro Gris";2017-01-09 17:09:41;2017-01-09;"17:09:41";13349;222;3,7;0,2;"C:/Users/el usuario/Desktop/jmb/Julana/Tertulia camptrapR/continuacion/mod_meta_rename/Henry";"Henry__Camara2__2017-01-09__17-09-41(1).JPG";"Zorro Gris";"Especie|Zorro Gris, Especie";"Henry__Camara2"
"126";"Henry";"Camara2";"Zorro Gris";2017-01-09 17:39:22;2017-01-09;"17:39:22";1232;21;0,4;0;"C:/Users/el usuario/Desktop/jmb/Julana/Tertulia camptrapR/continuacion/mod_meta_rename/Henry";"Henry__Camara2__2017-01-09__17-39-22(1).JPG";"Zorro Gris";"Especie|Zorro Gris, Especie";"Henry__Camara2"
"127";"Henry";"Camara2";"Zorro Gris";2017-01-09 18:55:14;2017-01-09;"18:55:14";4549;76;1,3;0,1;"C:/Users/el usuario/Desktop/jmb/Julana/Tertulia camptrapR/continuacion/mod_meta_rename/Henry";"Henry__Camara2__2017-01-09__18-55-14(1).JPG";"Zorro Gris";"Especie|Zorro Gris, Especie";"Henry__Camara2"
"128";"Henry";"Camara2";"Zorro Gris";2017-01-10 12:29:04;2017-01-10;"12:29:04";63229;1054;17,6;0,7;"C:/Users/el usuario/Desktop/jmb/Julana/Tertulia camptrapR/continuacion/mod_meta_rename/Henry";"Henry__Camara2__2017-01-10__12-29-04(1).JPG";"Dudosa_&_Zorro Gris";"Especie|Dudosa, Especie|Zorro Gris, Especie";"Henry__Camara2"
"129";"Henry";"Camara2";"Zorro Gris";2017-01-10 19:01:04;2017-01-10;"19:01:04";23352;389;6,5;0,3;"C:/Users/el usuario/Desktop/jmb/Julana/Tertulia camptrapR/continuacion/mod_meta_rename/Henry";"Henry__Camara2__2017-01-10__19-01-04(1).JPG";"Zorro Gris";"Especie|Zorro Gris, Especie";"Henry__Camara2"
"130";"Henry";"Camara2";"Zorro Gris";2017-01-11 05:28:44;2017-01-11;"05:28:44";37657;628;10,5;0,4;"C:/Users/el usuario/Desktop/jmb/Julana/Tertulia camptrapR/continuacion/mod_meta_rename/Henry";"Henry__Camara2__2017-01-11__05-28-44(1).JPG";"Zorro Gris";"Especie|Zorro Gris, Especie";"Henry__Camara2"
"131";"Henry";"Camara2";"Zorro Gris";2017-01-11 07:34:41;2017-01-11;"07:34:41";7556;126;2,1;0,1;"C:/Users/el usuario/Desktop/jmb/Julana/Tertulia camptrapR/continuacion/mod_meta_rename/Henry";"Henry__Camara2__2017-01-11__07-34-41(1).JPG";"Zorro Gris";"Especie|Zorro Gris, Especie";"Henry__Camara2"
"132";"Henry";"Camara2";"Zorro Gris";2017-01-11 14:02:14;2017-01-11;"14:02:14";23211;387;6,5;0,3;"C:/Users/el usuario/Desktop/jmb/Julana/Tertulia camptrapR/continuacion/mod_meta_rename/Henry";"Henry__Camara2__2017-01-11__14-02-14(1).JPG";"Zorro Gris";"Especie|Zorro Gris, Especie";"Henry__Camara2"
"133";"Henry";"Camara2";"Zorro Gris";2017-01-11 15:49:12;2017-01-11;"15:49:12";6159;103;1,7;0,1;"C:/Users/el usuario/Desktop/jmb/Julana/Tertulia camptrapR/continuacion/mod_meta_rename/Henry";"Henry__Camara2__2017-01-11__15-49-12(1).JPG";"Zorro Gris";"Especie|Zorro Gris, Especie";"Henry__Camara2"
"134";"Henry";"Camara2";"Zorro Gris";2017-01-11 16:14:13;2017-01-11;"16:14:13";1500;25;0,4;0;"C:/Users/el usuario/Desktop/jmb/Julana/Tertulia camptrapR/continuacion/mod_meta_rename/Henry";"Henry__Camara2__2017-01-11__16-14-13(1).JPG";"Zorro Gris";"Especie|Zorro Gris, Especie";"Henry__Camara2"
"135";"Henry";"Camara2";"Zorro Gris";2017-01-11 17:22:30;2017-01-11;"17:22:30";4097;68;1,1;0;"C:/Users/el usuario/Desktop/jmb/Julana/Tertulia camptrapR/continuacion/mod_meta_rename/Henry";"Henry__Camara2__2017-01-11__17-22-30(1).JPG";"Zorro Gris";"Especie|Zorro Gris, Especie";"Henry__Camara2"
"136";"Henry";"Camara2";"Zorro Gris";2017-01-12 07:07:25;2017-01-12;"07:07:25";49358;823;13,7;0,6;"C:/Users/el usuario/Desktop/jmb/Julana/Tertulia camptrapR/continuacion/mod_meta_rename/Henry";"Henry__Camara2__2017-01-12__07-07-25(1).JPG";"Zorro Gris";"Especie|Zorro Gris, Especie";"Henry__Camara2"
"137";"Henry";"Camara2";"Zorro Gris";2017-01-12 08:46:22;2017-01-12;"08:46:22";5936;99;1,6;0,1;"C:/Users/el usuario/Desktop/jmb/Julana/Tertulia camptrapR/continuacion/mod_meta_rename/Henry";"Henry__Camara2__2017-01-12__08-46-22(1).JPG";"Zorro Gris";"Especie|Zorro Gris, Especie";"Henry__Camara2"
"138";"Henry";"Camara2";"Zorro Gris";2017-01-12 09:24:49;2017-01-12;"09:24:49";2306;38;0,6;0;"C:/Users/el usuario/Desktop/jmb/Julana/Tertulia camptrapR/continuacion/mod_meta_rename/Henry";"Henry__Camara2__2017-01-12__09-24-49(1).JPG";"Zorro Gris";"Especie|Zorro Gris, Especie";"Henry__Camara2"
"139";"Henry";"Camara2";"Zorro Gris";2017-01-12 17:22:55;2017-01-12;"17:22:55";28686;478;8;0,3;"C:/Users/el usuario/Desktop/jmb/Julana/Tertulia camptrapR/continuacion/mod_meta_rename/Henry";"Henry__Camara2__2017-01-12__17-22-55(1).JPG";"Zorro Gris";"Especie|Zorro Gris, Especie";"Henry__Camara2"
"140";"Henry";"Camara2";"Zorro Gris";2017-01-12 18:58:53;2017-01-12;"18:58:53";5756;96;1,6;0,1;"C:/Users/el usuario/Desktop/jmb/Julana/Tertulia camptrapR/continuacion/mod_meta_rename/Henry";"Henry__Camara2__2017-01-12__18-58-53(1).JPG";"Zorro Gris";"Especie|Zorro Gris, Especie";"Henry__Camara2"
"141";"Henry";"Camara2";"Zorro Gris";2017-01-13 06:41:51;2017-01-13;"06:41:51";42064;701;11,7;0,5;"C:/Users/el usuario/Desktop/jmb/Julana/Tertulia camptrapR/continuacion/mod_meta_rename/Henry";"Henry__Camara2__2017-01-13__06-41-51(1).JPG";"Zorro Gris";"Especie|Zorro Gris, Especie";"Henry__Camara2"
"142";"Henry";"Camara2";"Zorro Gris";2017-01-13 08:33:07;2017-01-13;"08:33:07";5546;92;1,5;0,1;"C:/Users/el usuario/Desktop/jmb/Julana/Tertulia camptrapR/continuacion/mod_meta_rename/Henry";"Henry__Camara2__2017-01-13__08-33-07(1).JPG";"Zorro Gris";"Especie|Zorro Gris, Especie";"Henry__Camara2"
"143";"Henry";"Camara2";"Zorro Gris";2017-01-13 17:08:28;2017-01-13;"17:08:28";30920;515;8,6;0,4;"C:/Users/el usuario/Desktop/jmb/Julana/Tertulia camptrapR/continuacion/mod_meta_rename/Henry";"Henry__Camara2__2017-01-13__17-08-28(1).JPG";"Zorro Gris";"Especie|Zorro Gris, Especie";"Henry__Camara2"
"144";"Henry";"Camara2";"Zorro Gris";2017-01-13 17:46:19;2017-01-13;"17:46:19";2053;34;0,6;0;"C:/Users/el usuario/Desktop/jmb/Julana/Tertulia camptrapR/continuacion/mod_meta_rename/Henry";"Henry__Camara2__2017-01-13__17-46-19(1).JPG";"Zorro Gris";"Especie|Zorro Gris, Especie";"Henry__Camara2"
"145";"Henry";"Camara2";"Zorro Gris";2017-01-14 05:24:26;2017-01-14;"05:24:26";41886;698;11,6;0,5;"C:/Users/el usuario/Desktop/jmb/Julana/Tertulia camptrapR/continuacion/mod_meta_rename/Henry";"Henry__Camara2__2017-01-14__05-24-26(1).JPG";"Zorro Gris";"Especie|Zorro Gris, Especie";"Henry__Camara2"
"146";"Henry";"Camara2";"Zorro Gris";2017-01-14 05:50:12;2017-01-14;"05:50:12";1545;26;0,4;0;"C:/Users/el usuario/Desktop/jmb/Julana/Tertulia camptrapR/continuacion/mod_meta_rename/Henry";"Henry__Camara2__2017-01-14__05-50-12(1).JPG";"Zorro Gris";"Especie|Zorro Gris, Especie";"Henry__Camara2"
"147";"Henry";"Camara2";"Zorro Gris";2017-01-14 11:05:04;2017-01-14;"11:05:04";18677;311;5,2;0,2;"C:/Users/el usuario/Desktop/jmb/Julana/Tertulia camptrapR/continuacion/mod_meta_rename/Henry";"Henry__Camara2__2017-01-14__11-05-04(1).JPG";"Zorro Gris";"Especie|Zorro Gris, Especie";"Henry__Camara2"
"148";"Henry";"Camara2";"Zorro Gris";2017-01-14 12:49:50;2017-01-14;"12:49:50";6284;105;1,8;0,1;"C:/Users/el usuario/Desktop/jmb/Julana/Tertulia camptrapR/continuacion/mod_meta_rename/Henry";"Henry__Camara2__2017-01-14__12-49-50(1).JPG";"Zorro Gris";"Especie|Zorro Gris, Especie";"Henry__Camara2"
"149";"Henry";"Camara2";"Zorro Gris";2017-01-14 15:53:22;2017-01-14;"15:53:22";11011;184;3,1;0,1;"C:/Users/el usuario/Desktop/jmb/Julana/Tertulia camptrapR/continuacion/mod_meta_rename/Henry";"Henry__Camara2__2017-01-14__15-53-22(1).JPG";"Zorro Gris";"Especie|Zorro Gris, Especie";"Henry__Camara2"
"150";"Henry";"Camara2";"Zorro Gris";2017-01-14 16:22:05;2017-01-14;"16:22:05";1722;29;0,5;0;"C:/Users/el usuario/Desktop/jmb/Julana/Tertulia camptrapR/continuacion/mod_meta_rename/Henry";"Henry__Camara2__2017-01-14__16-22-05(1).JPG";"Zorro Gris";"Especie|Zorro Gris, Especie";"Henry__Camara2"
"151";"Henry";"Camara2";"Zorro Gris";2017-01-14 17:06:24;2017-01-14;"17:06:24";2582;43;0,7;0;"C:/Users/el usuario/Desktop/jmb/Julana/Tertulia camptrapR/continuacion/mod_meta_rename/Henry";"Henry__Camara2__2017-01-14__17-06-24(1).JPG";"Zorro Gris";"Especie|Zorro Gris, Especie";"Henry__Camara2"
"152";"Henry";"Camara2";"Zorro Gris";2017-01-15 05:41:56;2017-01-15;"05:41:56";43805;730;12,2;0,5;"C:/Users/el usuario/Desktop/jmb/Julana/Tertulia camptrapR/continuacion/mod_meta_rename/Henry";"Henry__Camara2__2017-01-15__05-41-56(1).JPG";"Zorro Gris";"Especie|Zorro Gris, Especie";"Henry__Camara2"
"153";"Henry";"Camara2";"Zorro Gris";2017-01-15 06:23:25;2017-01-15;"06:23:25";2200;37;0,6;0;"C:/Users/el usuario/Desktop/jmb/Julana/Tertulia camptrapR/continuacion/mod_meta_rename/Henry";"Henry__Camara2__2017-01-15__06-23-25(1).JPG";"Zorro Gris";"Especie|Zorro Gris, Especie";"Henry__Camara2"
"154";"Henry";"Camara2";"Zorro Gris";2017-01-15 06:43:09;2017-01-15;"06:43:09";1183;20;0,3;0;"C:/Users/el usuario/Desktop/jmb/Julana/Tertulia camptrapR/continuacion/mod_meta_rename/Henry";"Henry__Camara2__2017-01-15__06-43-09(1).JPG";"Zorro Gris";"Especie|Zorro Gris, Especie";"Henry__Camara2"
"155";"Henry";"Camara2";"Zorro Gris";2017-01-15 14:18:22;2017-01-15;"14:18:22";27312;455;7,6;0,3;"C:/Users/el usuario/Desktop/jmb/Julana/Tertulia camptrapR/continuacion/mod_meta_rename/Henry";"Henry__Camara2__2017-01-15__14-18-22(1).JPG";"Zorro Gris";"Especie|Zorro Gris, Especie";"Henry__Camara2"
"156";"Henry";"Camara2";"Zorro Gris";2017-01-15 16:47:58;2017-01-15;"16:47:58";8974;150;2,5;0,1;"C:/Users/el usuario/Desktop/jmb/Julana/Tertulia camptrapR/continuacion/mod_meta_rename/Henry";"Henry__Camara2__2017-01-15__16-47-58(1).JPG";"Zorro Gris";"Especie|Zorro Gris, Especie";"Henry__Camara2"
"157";"Henry";"Camara2";"Zorro Gris";2017-01-15 17:21:03;2017-01-15;"17:21:03";1982;33;0,6;0;"C:/Users/el usuario/Desktop/jmb/Julana/Tertulia camptrapR/continuacion/mod_meta_rename/Henry";"Henry__Camara2__2017-01-15__17-21-03(1).JPG";"Zorro Gris";"Especie|Zorro Gris, Especie";"Henry__Camara2"
"158";"Henry";"Camara1";"Zorro Perro";2017-03-12 23:27:08;2017-03-12;"23:27:08";0;0;0;0;"C:/Users/el usuario/Desktop/jmb/Julana/Tertulia camptrapR/continuacion/mod_meta_rename/Henry";"Henry__Camara1__2017-03-12__23-27-08(1).JPG";"Zorro Perro";"Especie|Zorro Perro";"Henry__Camara1"
"159";"Henry";"Camara1";"Zorro Perro";2017-04-05 20:09:39;2017-04-05;"20:09:39";2061749;34362;572,7;23,9;"C:/Users/el usuario/Desktop/jmb/Julana/Tertulia camptrapR/continuacion/mod_meta_rename/Henry";"Henry__Camara1__2017-04-05__20-09-39(1).JPG";"Zorro Perro";"Especie|Zorro Perro, Especie";"Henry__Camara1"
"160";"Henry";"Camara1";"Zorro Perro";2017-04-12 19:55:57;2017-04-12;"19:55:57";603976;10066;167,8;7;"C:/Users/el usuario/Desktop/jmb/Julana/Tertulia camptrapR/continuacion/mod_meta_rename/Henry";"Henry__Camara1__2017-04-12__19-55-57(1).JPG";"Zorro Perro";"Especie|Zorro Perro, Especie";"Henry__Camara1"
"161";"Henry";"Camara2";"Zorro Perro";2016-12-30 02:50:06;2016-12-30;"02:50:06";0;0;0;0;"C:/Users/el usuario/Desktop/jmb/Julana/Tertulia camptrapR/continuacion/mod_meta_rename/Henry";"Henry__Camara2__2016-12-30__02-50-06(1).JPG";"Dudosa_&_Zorro Perro";"Especie|Dudosa, Especie|Zorro Perro, Especie";"Henry__Camara2"
